Feature,Importance
Feature_1,0.1451840060917213
Feature_2,0.086372754149456
Feature_3,0.1896675354628411
Feature_4,0.0648587995245093
Feature_5,0.0990409066134727
Feature_6,0.12226568748232257
Feature_7,0.07354567629752615
Feature_8,0.06267386781719565
Feature_9,0.04147570245834016
Feature_10,0.11491506410261496
