accuracy,precision,recall,f1_score,auc
0.9655555555555555,0.9656130386467465,0.9655555555555555,0.9655544924226057,0.9655555555555555
