Feature,Importance
Feature_1,0.33762543174947957
Feature_2,0.44654541802208353
Feature_3,0.24009421359168334
Feature_4,0.4964526263301928
Feature_5,0.4870835417723853
Feature_6,0.745935716301295
Feature_7,0.5201212124746116
Feature_8,0.4774597396618335
Feature_9,0.19072562616688343
Feature_10,0.5478385905397652
