accuracy,precision,recall,f1_score,auc
0.8722222222222222,0.8727542022936438,0.8722222222222222,0.8721766161013004,0.8722222222222223
