accuracy,precision,recall,f1_score,auc
0.8777777777777778,0.8791939031568512,0.8777777777777778,0.8776635593416693,0.8777777777777779
