Feature,Importance
Feature_1,0.08569001226750166
Feature_2,0.13983904626105126
Feature_3,-0.013328313927612606
Feature_4,0.14564927522180937
Feature_5,0.1810382498572248
Feature_6,0.2667932845389861
Feature_7,0.17149668149785097
Feature_8,0.13977892645487194
Feature_9,0.06358817330676014
Feature_10,0.22601675548053013
