accuracy,precision,recall,f1_score,auc
0.995,0.9950495049504952,0.995,0.9949998749968749,0.995
