accuracy,precision,recall,f1_score,auc
0.8711111111111111,0.8712284376296706,0.8711111111111111,0.8711009264929575,0.8711111111111111
