accuracy,precision,recall,f1_score,auc
0.8791666666666667,0.879192999513855,0.8791666666666667,0.8791645688293199,0.8791666666666667
