Feature,Importance
Feature_1,0.33145864914636924
Feature_2,0.5687828821533536
Feature_3,0.3012293487844058
Feature_4,0.5848564333972744
Feature_5,0.35035575592820206
Feature_6,0.6001588946625516
Feature_7,0.570622383830116
Feature_8,0.40559210809531626
Feature_9,0.0999852805094976
Feature_10,0.4102778217728046
