accuracy,precision,recall,f1_score,auc
0.87,0.8703090480450351,0.87,0.8699728708829373,0.87
