Feature,Importance
Feature_1,0.08816136740128167
Feature_2,0.23742240230882028
Feature_3,0.2143742018344803
Feature_4,0.37644193915518476
Feature_5,0.3551813008305771
Feature_6,0.42382997381253307
Feature_7,0.015598449743691845
Feature_8,0.2251611652954394
Feature_9,0.013331533543478297
Feature_10,0.19344216670887648
