accuracy,precision,recall,f1_score,auc
0.8577777777777778,0.8579545454545455,0.8577777777777778,0.8577602173107791,0.8577777777777778
