accuracy,precision,recall,f1_score,auc
0.8597222222222223,0.85972499787807,0.8597222222222223,0.859721951624135,0.8597222222222223
