Feature,Importance
Feature_1,0.23326712891179313
Feature_2,0.7145864466371593
Feature_3,0.4329925655984922
Feature_4,0.6011839548728644
Feature_5,0.6443700245012877
Feature_6,0.7206752950156914
Feature_7,0.33763829229679704
Feature_8,0.3325853015212679
Feature_9,0.36353604797369315
Feature_10,0.29929247893613903
