accuracy,precision,recall,f1_score,auc
0.8644444444444445,0.8647975324264473,0.8644444444444445,0.8644116354080741,0.8644444444444443
