accuracy,precision,recall,f1_score,auc
0.8583333333333333,0.8592314118629907,0.8583333333333333,0.8582447362935167,0.8583333333333334
