Feature,Importance
Feature_1,0.4896903878410721
Feature_2,0.33787536837916204
Feature_3,0.7262139559267567
Feature_4,0.4943607761202247
Feature_5,0.6094615032168659
Feature_6,0.4188512454641698
Feature_7,0.3410518913649417
Feature_8,0.4842789100445009
Feature_9,0.3352150167198864
Feature_10,0.43289241007446994
