accuracy,precision,recall,f1_score,auc
0.8544444444444445,0.8549510165124548,0.8544444444444445,0.8543924931240899,0.8544444444444443
