accuracy,precision,recall,f1_score,auc
0.85,0.8506927263730827,0.85,0.8499258893280632,0.85
