Feature,Importance
Feature_1,0.09887007821281703
Feature_2,0.18619237501212943
Feature_3,0.07082816347619708
Feature_4,0.21708529958364498
Feature_5,0.10607980824607993
Feature_6,0.2200140244852694
Feature_7,0.15895387494887725
Feature_8,0.09901760001175064
Feature_9,0.039091919017020464
Feature_10,0.1403219021619735
