accuracy,precision,recall,f1_score,auc
0.8633333333333333,0.8644582043343654,0.8633333333333333,0.8632277992277994,0.8633333333333333
