accuracy,precision,recall,f1_score,auc
0.8666666666666667,0.866949806949807,0.8666666666666667,0.866640941539649,0.8666666666666666
