Feature,Importance
Feature_1,0.07530429342877497
Feature_2,0.10329683917461606
Feature_3,0.26361182289957646
Feature_4,0.0774135295539711
Feature_5,0.07554920210119481
Feature_6,0.1288246157521202
Feature_7,0.05048165512875616
Feature_8,0.06680584804493397
Feature_9,0.047821428254860986
Feature_10,0.1108907656611952
