accuracy,precision,recall,f1_score,auc
0.9666666666666667,0.9668142030073702,0.9666666666666667,0.9666640327136959,0.9666666666666667
