Feature,Importance
Feature_1,0.16789832445568295
Feature_2,0.6480497306171639
Feature_3,0.5188059979563797
Feature_4,0.5967316229190991
Feature_5,0.6746296903182216
Feature_6,0.7667164043825645
Feature_7,0.2779682247859949
Feature_8,0.48977841881387385
Feature_9,0.25145252770136317
Feature_10,0.35456634847082863
