accuracy,precision,recall,f1_score,auc
0.8722222222222222,0.873197142163974,0.8722222222222222,0.8721387177551759,0.8722222222222222
