accuracy,precision,recall,f1_score,auc
0.8791666666666667,0.8800140745953554,0.8791666666666667,0.8790992663734218,0.8791666666666668
