Feature,Importance
Feature_1,0.10742913380983113
Feature_2,0.14119456384176948
Feature_3,0.14552769173728794
Feature_4,0.07242578162374376
Feature_5,0.13366878697457418
Feature_6,0.0783076775462872
Feature_7,0.04317060979245537
Feature_8,0.1160738480830949
Feature_9,0.03212045368245262
Feature_10,0.13008145290850348
