accuracy,precision,recall,f1_score,auc
0.9711111111111111,0.9711483376464313,0.9711111111111111,0.9711105404551201,0.9711111111111111
