Feature,Importance
Feature_1,0.05463568204865195
Feature_2,0.12184744322422128
Feature_3,0.2090495884660912
Feature_4,0.07116434487430529
Feature_5,0.07026690299462927
Feature_6,0.18784402971754122
Feature_7,0.0458984131037147
Feature_8,0.09485830903635144
Feature_9,0.06713137393786409
Feature_10,0.07730391259662969
