accuracy,precision,recall,f1_score,auc
0.9733333333333334,0.9733707354655183,0.9733333333333334,0.9733328065739569,0.9733333333333334
