Feature,Importance
Feature_1,0.09080214777260988
Feature_2,0.08572124221239921
Feature_3,0.24693388740982716
Feature_4,0.06932073531086883
Feature_5,0.12218556110990537
Feature_6,0.057662035868946776
Feature_7,0.07205746193389988
Feature_8,0.08764780755780414
Feature_9,0.03088016064600816
Feature_10,0.13678896017773068
