accuracy,precision,recall,f1_score,auc
0.9733333333333334,0.973342683312263,0.9733333333333334,0.9733332016454402,0.9733333333333333
