Feature,Importance
Feature_1,0.31377708169927226
Feature_2,0.660874493811447
Feature_3,0.4462068945655646
Feature_4,0.4903966743514456
Feature_5,0.7813490335420002
Feature_6,0.6491852423576601
Feature_7,0.32699802061504596
Feature_8,0.4206535913546029
Feature_9,0.23735857276256425
Feature_10,0.3727455031533433
