accuracy,precision,recall,f1_score,auc
0.8677777777777778,0.8691065613988134,0.8677777777777778,0.867658670581301,0.8677777777777778
