accuracy,precision,recall,f1_score,auc
0.8694444444444445,0.8705882352941177,0.8694444444444445,0.8693436293436294,0.8694444444444446
