Feature,Importance
Feature_1,0.6143459603538467
Feature_2,0.22697452480643432
Feature_3,0.1977642532084985
Feature_4,0.5230479879847513
Feature_5,0.7551414431908692
Feature_6,0.3726697403812766
Feature_7,0.5513281736617762
Feature_8,0.42055379037023555
Feature_9,0.5245304532893585
Feature_10,0.5383492202769776
