accuracy,precision,recall,f1_score,auc
0.8555555555555555,0.8562592775853538,0.8555555555555555,0.8554841897233202,0.8555555555555556
