accuracy,precision,recall,f1_score,auc
0.8541666666666666,0.8551559513769064,0.8541666666666666,0.8540650414351043,0.8541666666666666
