Feature,Importance
Feature_1,0.3156925387545861
Feature_2,0.6524764069543705
Feature_3,0.43147127702553495
Feature_4,0.6913199232187888
Feature_5,0.6771202008970157
Feature_6,0.680170612571744
Feature_7,0.3416697910689878
Feature_8,0.49521518336383263
Feature_9,0.27616231559772303
Feature_10,0.41918992850307274
