accuracy,precision,recall,f1_score,auc
0.8766666666666667,0.8770856507230257,0.8766666666666667,0.8766323978883023,0.8766666666666665
