accuracy,precision,recall,f1_score,auc
0.8652777777777778,0.866094145122998,0.8652777777777778,0.8652026303243899,0.8652777777777778
