Feature,Importance
Feature_1,0.201155504645953
Feature_2,0.13500311970108794
Feature_3,0.33433378603806574
Feature_4,0.14537862090511236
Feature_5,0.232787261978872
Feature_6,0.16803293574666112
Feature_7,0.07814966105990429
Feature_8,0.15246628890633956
Feature_9,0.1338385668187981
Feature_10,0.10299540134141161
