accuracy,precision,recall,f1_score,auc
0.8555555555555555,0.8556187766714082,0.8555555555555555,0.8555491355171341,0.8555555555555556
