accuracy,precision,recall,f1_score,auc
0.85,0.8500108028025557,0.85,0.849998842583662,0.85
