Feature,Importance
Feature_1,0.08084458357196461
Feature_2,0.11876659966168093
Feature_3,0.17482676942723355
Feature_4,0.0511225279484959
Feature_5,0.12526785509985833
Feature_6,0.08258976498798473
Feature_7,0.06546154921995652
Feature_8,0.13828864599424398
Feature_9,0.030301288780381103
Feature_10,0.13253041530820042
