accuracy,precision,recall,f1_score,auc
0.9711111111111111,0.971194879089616,0.9711111111111111,0.9711098271034267,0.9711111111111111
