Feature,Importance
Feature_1,0.13317120530344864
Feature_2,0.37788839501930815
Feature_3,0.1708945718856651
Feature_4,0.23653695131230335
Feature_5,0.26147390904306467
Feature_6,0.33439773233445885
Feature_7,0.05304603085380677
Feature_8,0.06956650212700072
Feature_9,0.2240341918169244
Feature_10,0.002285935500069447
