accuracy,precision,recall,f1_score,auc
0.8455555555555555,0.8481707044019524,0.8455555555555555,0.8452649976066169,0.8455555555555555
