accuracy,precision,recall,f1_score,auc
0.8375,0.8391354913742974,0.8375,0.8373038481966105,0.8375
