Feature,Importance
Feature_1,0.10213403773436416
Feature_2,0.0449946164376744
Feature_3,0.062232073099618514
Feature_4,0.07096843466649039
Feature_5,0.21008095758515766
Feature_6,0.04872325956861679
Feature_7,0.04998374987058847
Feature_8,0.24374039445347936
Feature_9,0.05709467334351513
Feature_10,0.11004780324049508
