accuracy,precision,recall,f1_score,auc
0.9711111111111111,0.9711111111111111,0.9711111111111111,0.9711111111111111,0.971111111111111
