accuracy,precision,recall,f1_score,auc
0.99,0.9901960784313725,0.99,0.98999899989999,0.99
