Feature,Importance
Feature_1,0.04257165064614499
Feature_2,0.2633243676374356
Feature_3,0.25702161715672833
Feature_4,0.2892649866601782
Feature_5,0.3462454823619667
Feature_6,0.45024434865578
Feature_7,-0.0015939594184487538
Feature_8,0.20661440428254874
Feature_9,0.073530203160446
Feature_10,0.11107644455235614
