accuracy,precision,recall,f1_score,auc
0.985,0.9850485048504851,0.985,0.9849996249906248,0.985
