accuracy,precision,recall,f1_score,auc
0.8566666666666667,0.856964577845214,0.8566666666666667,0.8566367550760591,0.8566666666666666
