accuracy,precision,recall,f1_score,auc
0.8638888888888889,0.8641698841698842,0.8638888888888889,0.863862627821725,0.8638888888888888
