Feature,Importance
Feature_1,0.6014454423073521
Feature_2,0.29508728490006764
Feature_3,0.2827629016872114
Feature_4,0.5670248223073727
Feature_5,0.7259401063853331
Feature_6,0.22443667407410592
Feature_7,0.5868151939347793
Feature_8,0.571335324713028
Feature_9,0.47167156601150784
Feature_10,0.4191663288901493
