accuracy,precision,recall,f1_score,auc
0.8644444444444445,0.8656651339781196,0.8644444444444445,0.8643312196351522,0.8644444444444443
