accuracy,precision,recall,f1_score,auc
0.8680555555555556,0.8690836357446282,0.8680555555555556,0.8679636089174753,0.8680555555555557
