Feature,Importance
Feature_1,0.15469792872265675
Feature_2,0.3283714782011755
Feature_3,0.20710939618711832
Feature_4,0.3719674293509799
Feature_5,0.3489013259269522
Feature_6,0.38294113940507724
Feature_7,0.0524627391869108
Feature_8,0.1992309817195399
Feature_9,0.13894833606620877
Feature_10,0.1952374251870712
