accuracy,precision,recall,f1_score,auc
0.8733333333333333,0.8733997155049787,0.8733333333333333,0.8733277034534869,0.8733333333333334
