accuracy,precision,recall,f1_score,auc
0.8611111111111112,0.8612895256916997,0.8611111111111112,0.8610939622175579,0.8611111111111112
