Feature,Importance
Feature_1,0.13627259632295982
Feature_2,0.08851610820759839
Feature_3,0.1811995942762569
Feature_4,0.06700402195899248
Feature_5,0.06917777952688567
Feature_6,0.11020904164094172
Feature_7,0.057850372082153045
Feature_8,0.09714391344388609
Feature_9,0.02884362728363849
Feature_10,0.16378294525668732
