accuracy,precision,recall,f1_score,auc
0.9733333333333334,0.9734174964438123,0.9733333333333334,0.973332148095471,0.9733333333333334
