Feature,Importance
Feature_1,0.1774650921017673
Feature_2,0.04615140642410462
Feature_3,0.07222944458084374
Feature_4,0.05969523846698661
Feature_5,0.17261941372061687
Feature_6,0.03934949413412452
Feature_7,0.05024980145349719
Feature_8,0.144950982364389
Feature_9,0.0990130549584024
Feature_10,0.13827607179526777
