Feature,Importance
Area,0.12891829525313825
MajorAxisLength,0.24034779958940222
MinorAxisLength,0.07249231840913688
Eccentricity,0.07858775506932891
ConvexArea,0.15453943689542127
Extent,0.06242253816400465
Perimeter,0.26269185661956784
