accuracy,precision,recall,f1_score,auc
0.9766666666666667,0.9766878527934575,0.9766666666666667,0.9766664074045268,0.9766666666666667
