accuracy,precision,recall,f1_score,auc
0.9777777777777777,0.9778155311036921,0.9777777777777777,0.9777773388116309,0.9777777777777777
