Feature,Importance
Feature_1,0.12910340422748529
Feature_2,0.10033232882324977
Feature_3,0.09823294561981077
Feature_4,0.18181952742058505
Feature_5,0.2690495949355156
Feature_6,0.06791681054319881
Feature_7,0.19285772514655755
Feature_8,0.19373775027300755
Feature_9,0.1785715667648047
Feature_10,0.09080919695695261
