accuracy,precision,recall,f1_score,auc
0.8644444444444445,0.8646245059288538,0.8644444444444445,0.8644277071243364,0.8644444444444443
