accuracy,precision,recall,f1_score,auc
0.8652777777777778,0.8655062191647558,0.8652777777777778,0.8652567241409247,0.8652777777777777
