Feature,Importance
Feature_1,0.09553018608807115
Feature_2,0.15820088295313856
Feature_3,0.19449760221434778
Feature_4,0.052465972399141594
Feature_5,0.10645183418317689
Feature_6,0.12003637586705566
Feature_7,0.06493093912798711
Feature_8,0.08735683395697402
Feature_9,0.021683968884362508
Feature_10,0.09884540432574453
