accuracy,precision,recall,f1_score,auc
0.9733333333333334,0.9735671936758894,0.9733333333333334,0.9733300407457711,0.9733333333333334
