accuracy,precision,recall,f1_score,auc
0.9986111111111111,0.9986149584487535,0.9986111111111111,0.9986111084319222,0.9986111111111111
