Feature,Importance
Feature_1,0.16353525334140723
Feature_2,0.02930419494635947
Feature_3,0.014107292393150062
Feature_4,0.16198640294896202
Feature_5,0.25765897843358454
Feature_6,0.12228470526262197
Feature_7,0.1557655670411659
Feature_8,0.12122168797448601
Feature_9,0.1714219698978155
Feature_10,0.17803503373964494
