accuracy,precision,recall,f1_score,auc
0.8555555555555555,0.8556679641960917,0.8555555555555555,0.8555441417593489,0.8555555555555556
