accuracy,precision,recall,f1_score,auc
0.8555555555555555,0.8556543484301196,0.8555555555555555,0.855545523994722,0.8555555555555555
