Feature,Importance
Feature_1,0.26258306557866246
Feature_2,0.6530539493009588
Feature_3,0.4520851278617538
Feature_4,0.680871999446225
Feature_5,0.6119529604167653
Feature_6,0.6410471330034813
Feature_7,0.3354335601916966
Feature_8,0.4910596147307503
Feature_9,0.10812009308916272
Feature_10,0.4190199505385264
