accuracy,precision,recall,f1_score,auc
0.8555555555555555,0.8559000316355583,0.8555555555555555,0.8555205951069641,0.8555555555555556
