Feature,Importance
Feature_1,0.1401560790461604
Feature_2,0.38102029630448375
Feature_3,0.2267314351594859
Feature_4,0.19645044422838034
Feature_5,0.33694491111356106
Feature_6,0.3002032106087729
Feature_7,0.06234338118668126
Feature_8,0.141074094282994
Feature_9,0.14437829497954313
Feature_10,0.09090603654544227
