accuracy,precision,recall,f1_score,auc
0.8688888888888889,0.869151396548657,0.8688888888888889,0.8688655761024182,0.8688888888888889
