accuracy,precision,recall,f1_score,auc
0.8708333333333333,0.8709048813428517,0.8708333333333333,0.8708271039305522,0.8708333333333333
